{
    "Options": {
        "Download_location": "",
        "Game_location": "",
        "NSP_repack": "True",
        "Mute": "False",
        "Titlekey_check": "True",
        "noaria": "True",
        "Disable_game_image": "False",
        "Shorten": "False",
        "Tinfoil": "False",
        "SysVerZero": "False",
        "Main_win": "1076x684+100+100",
        "Queue_win": "620x300+176+200",
        "Update_win": "600x400+120+200",
        "Scan_win": "415x100+100+170",
        "Base64_win": "497x100+95+176",
        "Language": "ru"
    }
}