{
    "Options": {
        "SysVerZero": "False",
        "Download_location": "",
        "noaria": "True",
        "Disable_description": "False",
        "Scan_win": "415x100+100+170",
        "Language": "ru",
        "Mute": "False",
        "Base64_win": "497x100+95+176",
        "Mode": "CDNSP",
        "Queue_win": "620x300+1177+100",
        "NSP_repack": "True",
        "No_japanese_games": "False",
        "No_demo": "False",
        "Tinfoil": "False",
        "Main_win": "1250x684+100+100",
        "Disable_game_image": "False",
        "Titlekey_check": "True",
        "Shorten": "True",
        "Update_win": "600x400+120+200",
        "Game_location": "",
        "NSP_location": ""
    }
}